Date_Time,Dp>0.3,Dp>0.5,Dp>1.0,Dp>2.5,Dp>5.0,Dp>10.0
2021-04-20 16:25:37,159,53,13,9,0,0
2021-04-20 16:25:47,39,10,0,0,0,0
2021-04-20 16:25:57,60,13,0,0,0,0
2021-04-20 16:26:07,42,10,0,0,0,0
2021-04-20 16:26:22,9,3,0,0,0,0
2021-04-20 16:26:32,39,13,0,0,0,0
2021-04-20 16:26:42,57,19,0,0,0,0
2021-04-20 16:26:52,39,13,0,0,0,0
2021-04-20 16:27:02,51,13,0,0,0,0
2021-04-20 16:27:12,42,10,0,0,0,0
2021-04-20 16:27:22,21,7,0,0,0,0
2021-04-20 16:27:32,9,3,0,0,0,0
2021-04-20 16:27:42,30,10,0,0,0,0
2021-04-20 16:27:52,39,13,0,0,0,0
2021-04-20 16:28:02,27,9,0,0,0,0
2021-04-20 16:28:12,45,12,0,0,0,0
2021-04-20 16:28:22,78,12,0,0,0,0
2021-04-20 16:28:32,48,6,0,0,0,0
2021-04-20 16:28:42,63,21,3,0,0,0
2021-04-20 16:28:52,102,30,0,0,0,0
2021-04-20 16:29:02,69,23,0,0,0,0
2021-04-20 16:29:12,90,26,3,0,0,0
2021-04-20 16:29:22,51,13,3,0,0,0
2021-04-20 16:29:32,9,3,0,0,0,0
2021-04-20 16:29:42,18,6,0,0,0,0
2021-04-20 16:29:52,18,6,0,0,0,0
2021-04-20 16:30:02,27,9,0,0,0,0
2021-04-20 16:30:12,27,9,0,0,0,0
2021-04-20 16:30:22,57,19,0,0,0,0
2021-04-20 16:30:32,57,19,0,0,0,0
2021-04-20 16:30:42,27,9,0,0,0,0
2021-04-20 16:30:52,27,9,0,0,0,0
2021-04-20 16:31:02,9,3,0,0,0,0
2021-04-20 16:31:12,114,35,6,0,0,0
2021-04-20 16:31:22,111,34,6,0,0,0
2021-04-20 16:31:32,165,52,0,0,0,0
2021-04-20 16:31:42,147,49,0,0,0,0
2021-04-20 16:31:52,48,16,0,0,0,0
2021-04-20 16:32:02,87,25,0,0,0,0
2021-04-20 16:32:12,48,16,0,0,0,0
2021-04-20 16:32:22,39,9,0,0,0,0
2021-04-20 16:32:32,60,13,0,0,0,0
2021-04-20 16:32:42,81,20,0,0,0,0
2021-04-20 16:32:52,39,13,0,0,0,0
2021-04-20 16:33:02,39,10,0,0,0,0
2021-04-20 16:33:12,51,17,0,0,0,0
2021-04-20 16:33:22,48,16,0,0,0,0
2021-04-20 16:33:32,39,13,3,0,0,0
2021-04-20 16:33:42,57,16,3,0,0,0
2021-04-20 16:33:52,69,20,0,0,0,0
2021-04-20 16:34:02,48,16,0,0,0,0
2021-04-20 16:34:12,60,20,0,0,0,0
2021-04-20 16:34:22,63,21,0,0,0,0
2021-04-20 16:34:32,51,17,0,0,0,0
2021-04-20 16:34:42,72,24,0,0,0,0
2021-04-20 16:34:52,81,27,3,3,3,0
2021-04-20 16:35:02,57,19,0,0,0,0
2021-04-20 16:35:12,18,6,0,0,0,0
2021-04-20 16:35:22,9,3,0,0,0,0
2021-04-20 16:35:32,9,3,0,0,0,0
2021-04-20 16:35:42,57,16,0,0,0,0
2021-04-20 16:35:52,102,23,0,0,0,0
2021-04-20 16:36:02,51,10,0,0,0,0
2021-04-20 16:36:12,18,3,0,0,0,0
2021-04-20 16:36:22,9,3,0,0,0,0
2021-04-20 16:36:32,48,16,3,0,0,0
2021-04-20 16:36:42,102,34,3,0,0,0
2021-04-20 16:36:52,123,41,0,0,0,0
2021-04-20 16:37:02,102,30,0,0,0,0
2021-04-20 16:37:12,57,16,0,0,0,0
2021-04-20 16:37:22,78,19,0,0,0,0
2021-04-20 16:37:32,120,40,0,0,0,0
2021-04-20 16:37:42,90,30,0,0,0,0
2021-04-20 16:37:52,99,30,0,0,0,0
2021-04-20 16:38:02,69,23,0,0,0,0
2021-04-20 16:38:12,60,20,0,0,0,0
2021-04-20 16:38:22,51,17,0,0,0,0
2021-04-20 16:38:32,9,3,0,0,0,0
2021-04-20 16:38:42,21,7,0,0,0,0
2021-04-20 16:38:52,81,27,0,0,0,0
2021-04-20 16:39:02,81,27,0,0,0,0
2021-04-20 16:39:12,93,31,6,0,0,0
2021-04-20 16:39:22,81,20,6,0,0,0
2021-04-20 16:39:32,78,19,9,3,3,0
2021-04-20 16:39:42,69,19,9,3,3,0
2021-04-20 16:39:52,60,13,0,0,0,0
2021-04-20 16:40:02,69,20,0,0,0,0
2021-04-20 16:40:12,30,10,0,0,0,0
2021-04-20 16:40:22,18,3,0,0,0,0
2021-04-20 16:40:32,18,6,0,0,0,0
2021-04-20 16:40:42,99,33,0,0,0,0
2021-04-20 16:40:52,66,22,0,0,0,0
2021-04-20 16:41:02,36,12,0,0,0,0
2021-04-20 16:41:12,39,13,0,0,0,0
2021-04-20 16:41:22,123,37,0,0,0,0
2021-04-20 16:41:32,174,54,0,0,0,0
2021-04-20 16:41:42,195,57,0,0,0,0
2021-04-20 16:41:52,99,29,0,0,0,0
2021-04-20 16:42:02,27,9,0,0,0,0
2021-04-20 16:42:12,51,17,0,0,0,0
2021-04-20 16:42:22,132,40,0,0,0,0
2021-04-20 16:42:32,135,41,0,0,0,0
2021-04-20 16:42:42,132,44,0,0,0,0
2021-04-20 16:42:52,96,29,0,0,0,0
2021-04-20 16:43:02,78,26,0,0,0,0
2021-04-20 16:43:12,81,27,0,0,0,0
2021-04-20 16:43:22,57,13,0,0,0,0
2021-04-20 16:43:32,66,16,0,0,0,0
2021-04-20 16:43:42,99,33,0,0,0,0
2021-04-20 16:43:52,153,51,0,0,0,0
2021-04-20 16:44:02,141,47,0,0,0,0
2021-04-20 16:44:12,108,33,0,0,0,0
2021-04-20 16:44:22,120,40,0,0,0,0
2021-04-20 16:44:32,90,26,0,0,0,0
2021-04-20 16:44:42,48,13,0,0,0,0
2021-04-20 16:44:52,102,31,0,0,0,0
2021-04-20 16:45:02,120,40,0,0,0,0
2021-04-20 16:45:12,120,37,0,0,0,0
2021-04-20 16:45:22,204,65,0,0,0,0
2021-04-20 16:45:32,150,44,0,0,0,0
2021-04-20 16:45:42,120,31,3,0,0,0
2021-04-20 16:45:52,129,40,3,0,0,0
2021-04-20 16:46:02,117,36,3,0,0,0
2021-04-20 16:46:12,138,43,6,3,3,0
2021-04-20 16:46:22,141,43,0,0,0,0
2021-04-20 16:46:32,189,56,3,0,0,0
2021-04-20 16:46:42,156,49,3,0,0,0
2021-04-20 16:46:52,57,19,0,0,0,0
2021-04-20 16:47:02,153,44,0,0,0,0
2021-04-20 16:47:12,198,59,0,0,0,0
2021-04-20 16:47:22,123,38,3,0,0,0
2021-04-20 16:47:32,114,35,3,0,0,0
2021-04-20 16:47:42,123,38,0,0,0,0
2021-04-20 16:47:52,102,31,0,0,0,0
2021-04-20 16:48:02,60,20,0,0,0,0
2021-04-20 16:48:12,81,27,0,0,0,0
2021-04-20 16:48:22,81,27,0,0,0,0
2021-04-20 16:48:32,105,35,0,0,0,0
2021-04-20 16:48:42,87,29,0,0,0,0
2021-04-20 16:48:52,129,43,0,0,0,0
2021-04-20 16:49:02,51,17,0,0,0,0
2021-04-20 16:49:12,144,48,0,0,0,0
2021-04-20 16:49:22,120,40,0,0,0,0
2021-04-20 16:49:32,48,16,3,0,0,0
2021-04-20 16:49:42,90,30,0,0,0,0
2021-04-20 16:49:52,183,54,3,0,0,0
2021-04-20 16:50:02,105,29,3,0,0,0
2021-04-20 16:50:12,111,37,0,0,0,0
2021-04-20 16:50:22,120,40,0,0,0,0
2021-04-20 16:50:32,183,61,0,0,0,0
2021-04-20 16:50:42,144,48,0,0,0,0
2021-04-20 16:50:52,27,9,0,0,0,0
2021-04-20 16:51:02,75,25,0,0,0,0
2021-04-20 16:51:12,60,20,0,0,0,0
2021-04-20 16:51:22,144,44,3,0,0,0
2021-04-20 16:51:32,99,33,3,0,0,0
2021-04-20 16:51:42,81,27,0,0,0,0
2021-04-20 16:51:52,90,30,6,0,0,0
2021-04-20 16:52:02,111,37,3,0,0,0
2021-04-20 16:52:12,132,34,0,0,0,0
2021-04-20 16:52:22,144,48,0,0,0,0
2021-04-20 16:52:32,153,47,0,0,0,0
2021-04-20 16:52:42,90,26,3,0,0,0
2021-04-20 16:52:52,99,33,3,0,0,0
2021-04-20 16:53:02,120,40,3,0,0,0
2021-04-20 16:53:12,60,17,3,0,0,0
2021-04-20 16:53:22,51,17,0,0,0,0
2021-04-20 16:53:32,120,37,0,0,0,0
2021-04-20 16:53:42,117,39,0,0,0,0
2021-04-20 16:53:52,150,43,0,0,0,0
2021-04-20 16:54:02,240,77,0,0,0,0
2021-04-20 16:54:12,207,69,0,0,0,0
2021-04-20 16:54:22,129,40,0,0,0,0
2021-04-20 16:54:32,120,37,0,0,0,0
2021-04-20 16:54:42,39,13,0,0,0,0
2021-04-20 16:54:52,120,36,0,0,0,0
2021-04-20 16:55:02,192,60,0,0,0,0
2021-04-20 16:55:12,162,50,0,0,0,0
2021-04-20 16:55:22,111,33,0,0,0,0
2021-04-20 16:55:32,54,18,0,0,0,0
2021-04-20 16:55:42,123,41,0,0,0,0
2021-04-20 16:55:52,138,43,10,0,0,0
2021-04-20 16:56:02,126,38,0,0,0,0
2021-04-20 16:56:12,144,44,0,0,0,0
2021-04-20 16:56:22,87,26,0,0,0,0
2021-04-20 16:56:32,162,51,3,0,0,0
2021-04-20 16:56:42,144,48,3,0,0,0
2021-04-20 16:56:52,72,24,0,0,0,0
2021-04-20 16:57:02,51,17,0,0,0,0
2021-04-20 16:57:12,105,31,0,0,0,0
2021-04-20 16:57:22,111,33,0,0,0,0
2021-04-20 16:57:32,141,44,0,0,0,0
2021-04-20 16:57:42,123,38,3,0,0,0
2021-04-20 16:57:52,111,37,3,0,0,0
2021-04-20 16:58:02,57,19,0,0,0,0
2021-04-20 16:58:12,27,6,0,0,0,0
2021-04-20 16:58:22,36,9,0,0,0,0
2021-04-20 16:58:32,63,21,0,0,0,0
2021-04-20 16:58:42,114,38,6,0,0,0
2021-04-20 16:58:52,99,33,6,0,0,0
2021-04-20 16:59:02,78,19,0,0,0,0
2021-04-20 16:59:12,48,9,0,0,0,0
2021-04-20 16:59:22,48,16,0,0,0,0
2021-04-20 16:59:32,81,27,0,0,0,0
2021-04-20 16:59:42,48,16,0,0,0,0
2021-04-20 16:59:52,54,15,0,0,0,0
2021-04-20 17:00:02,78,26,0,0,0,0
2021-04-20 17:00:12,102,30,0,0,0,0
2021-04-20 17:00:22,72,20,0,0,0,0
2021-04-20 17:00:32,123,38,0,0,0,0
2021-04-20 17:00:42,111,34,0,0,0,0
2021-04-20 17:00:52,132,44,0,0,0,0
2021-04-20 17:01:02,120,40,0,0,0,0
2021-04-20 17:01:12,123,37,0,0,0,0
2021-04-20 17:01:22,78,22,0,0,0,0
2021-04-20 17:01:32,204,68,0,0,0,0
2021-04-20 17:01:42,144,48,3,0,0,0
2021-04-20 17:01:52,123,41,3,0,0,0
2021-04-20 17:02:02,108,33,0,0,0,0
2021-04-20 17:02:12,120,37,0,0,0,0
2021-04-20 17:02:22,93,27,0,0,0,0
2021-04-20 17:02:32,63,17,0,0,0,0
2021-04-20 17:02:42,135,45,3,0,0,0
2021-04-20 17:02:52,144,48,3,0,0,0
2021-04-20 17:03:02,111,37,0,0,0,0
2021-04-20 17:03:12,99,33,0,0,0,0
2021-04-20 17:03:22,60,20,0,0,0,0
2021-04-20 17:03:32,57,19,0,0,0,0
2021-04-20 17:03:42,45,12,0,0,0,0
2021-04-20 17:03:52,48,13,0,0,0,0
2021-04-20 17:04:02,60,20,0,0,0,0
2021-04-20 17:04:12,51,17,0,0,0,0
2021-04-20 17:04:22,90,30,0,0,0,0
2021-04-20 17:04:32,195,65,0,0,0,0
2021-04-20 17:04:42,186,62,0,0,0,0
2021-04-20 17:04:52,87,29,3,0,0,0
2021-04-20 17:05:02,66,22,3,3,3,0
2021-04-20 17:05:12,78,26,3,3,3,0
2021-04-20 17:05:22,72,24,0,0,0,0
2021-04-20 17:05:32,48,16,0,0,0,0
2021-04-20 17:05:42,132,44,0,0,0,0
2021-04-20 17:05:52,48,16,0,0,0,0
2021-04-20 17:06:02,111,37,0,0,0,0
2021-04-20 17:06:12,90,30,0,0,0,0
2021-04-20 17:06:22,39,13,0,0,0,0
2021-04-20 17:06:32,39,13,0,0,0,0
2021-04-20 17:06:42,60,20,3,0,0,0
2021-04-20 17:06:52,123,41,3,0,0,0
2021-04-20 17:07:02,120,40,0,0,0,0
2021-04-20 17:07:12,147,46,0,0,0,0
2021-04-20 17:07:22,108,33,0,0,0,0
2021-04-20 17:07:32,93,31,0,0,0,0
2021-04-20 17:07:42,117,31,3,0,0,0
2021-04-20 17:07:52,102,34,6,0,0,0
2021-04-20 17:08:02,87,29,3,0,0,0
2021-04-20 17:08:12,36,12,0,0,0,0
2021-04-20 17:08:22,111,37,3,0,0,0
2021-04-20 17:08:32,153,51,6,0,0,0
2021-04-20 17:08:42,30,10,0,0,0,0
2021-04-20 17:08:52,21,7,0,0,0,0
2021-04-20 17:09:02,63,21,0,0,0,0
2021-04-20 17:09:12,69,23,3,0,0,0
2021-04-20 17:09:22,66,22,3,0,0,0
2021-04-20 17:09:32,48,16,0,0,0,0
2021-04-20 17:09:42,99,33,0,0,0,0
2021-04-20 17:09:52,87,29,0,0,0,0
2021-04-20 17:10:02,72,24,0,0,0,0
2021-04-20 17:10:12,117,35,0,0,0,0
2021-04-20 17:10:22,72,24,0,0,0,0
2021-04-20 17:10:32,72,21,3,0,0,0
2021-04-20 17:10:42,120,33,6,0,0,0
2021-04-20 17:10:52,87,25,6,0,0,0
2021-04-20 17:11:02,87,29,3,0,0,0
2021-04-20 17:11:12,111,33,3,0,0,0
2021-04-20 17:11:22,141,39,3,0,0,0
2021-04-20 17:11:32,78,22,0,0,0,0
2021-04-20 17:11:42,69,23,0,0,0,0
2021-04-20 17:11:52,87,29,0,0,0,0
2021-04-20 17:12:02,69,23,0,0,0,0
2021-04-20 17:12:12,141,47,0,0,0,0
2021-04-20 17:12:22,108,33,0,0,0,0
2021-04-20 17:12:32,90,30,0,0,0,0
2021-04-20 17:12:42,48,16,0,0,0,0
2021-04-20 17:12:52,51,13,0,0,0,0
2021-04-20 17:13:02,93,27,3,0,0,0
2021-04-20 17:13:12,42,14,0,0,0,0
2021-04-20 17:13:22,84,24,0,0,0,0
2021-04-20 17:13:32,177,55,0,0,0,0
2021-04-20 17:13:42,177,59,0,0,0,0
2021-04-20 17:13:52,108,36,0,0,0,0
2021-04-20 17:14:02,78,26,0,0,0,0
2021-04-20 17:14:12,39,13,0,0,0,0
2021-04-20 17:14:22,99,29,0,0,0,0
2021-04-20 17:14:32,111,37,3,0,0,0
2021-04-20 17:14:42,60,20,3,0,0,0
2021-04-20 17:14:52,60,17,0,0,0,0
2021-04-20 17:15:02,102,28,0,0,0,0
2021-04-20 17:15:12,39,10,0,0,0,0
2021-04-20 17:15:22,36,12,0,0,0,0
2021-04-20 17:15:32,48,16,0,0,0,0
2021-04-20 17:15:42,27,9,0,0,0,0
2021-04-20 17:15:52,18,6,0,0,0,0
2021-04-20 17:16:02,18,6,0,0,0,0
2021-04-20 17:16:12,18,6,0,0,0,0
2021-04-20 17:16:22,39,13,0,0,0,0
2021-04-20 17:16:32,90,30,3,0,0,0
2021-04-20 17:16:42,108,32,0,0,0,0
2021-04-20 17:16:52,276,77,0,0,0,0
2021-04-20 17:17:02,234,67,0,0,0,0
2021-04-20 17:17:12,123,41,0,0,0,0
2021-04-20 17:17:22,114,34,0,0,0,0
2021-04-20 17:17:32,81,23,0,0,0,0
2021-04-20 17:17:42,48,13,0,0,0,0
2021-04-20 17:17:52,69,20,3,0,0,0
2021-04-20 17:18:02,93,31,0,0,0,0
2021-04-20 17:18:12,93,31,0,0,0,0
2021-04-20 17:18:22,60,20,0,0,0,0
2021-04-20 17:18:32,39,13,0,0,0,0
2021-04-20 17:18:42,30,10,0,0,0,0
2021-04-20 17:18:52,63,21,0,0,0,0
2021-04-20 17:19:02,72,24,0,0,0,0
2021-04-20 17:19:12,90,30,0,0,0,0
2021-04-20 17:19:22,144,45,0,0,0,0
2021-04-20 17:19:32,78,20,0,0,0,0
2021-04-20 17:19:42,48,13,0,0,0,0
2021-04-20 17:19:52,51,17,0,0,0,0
2021-04-20 17:20:02,30,7,0,0,0,0
2021-04-20 17:20:12,0,0,0,0,0,0
2021-04-20 17:20:22,51,13,0,0,0,0
2021-04-20 17:20:32,123,41,0,0,0,0
2021-04-20 17:20:42,123,41,0,0,0,0
2021-04-20 17:20:52,69,23,0,0,0,0
2021-04-20 17:21:02,60,20,0,0,0,0
2021-04-20 17:21:12,69,23,0,0,0,0
2021-04-20 17:21:22,90,30,0,0,0,0
2021-04-20 17:21:32,51,17,0,0,0,0
2021-04-20 17:21:42,81,24,0,0,0,0
2021-04-20 17:21:52,129,39,0,0,0,0
2021-04-20 17:22:02,126,38,0,0,0,0
2021-04-20 17:22:12,141,36,0,0,0,0
2021-04-20 17:22:22,111,33,0,0,0,0
2021-04-20 17:22:32,111,33,0,0,0,0
2021-04-20 17:22:42,99,26,0,0,0,0
2021-04-20 17:22:52,90,26,0,0,0,0
2021-04-20 17:23:02,81,16,0,0,0,0
2021-04-20 17:23:12,30,3,0,0,0,0
2021-04-20 17:23:22,18,6,0,0,0,0
2021-04-20 17:23:32,18,6,0,0,0,0
2021-04-20 17:23:42,18,6,0,0,0,0
2021-04-20 17:23:52,27,9,0,0,0,0
2021-04-20 17:24:02,69,23,0,0,0,0
2021-04-20 17:24:12,90,30,6,3,3,0
2021-04-20 17:24:22,78,26,3,0,0,0
2021-04-20 17:24:32,57,19,0,0,0,0
2021-04-20 17:24:42,27,9,0,0,0,0
2021-04-20 17:24:52,18,6,3,0,0,0
2021-04-20 17:25:02,18,6,3,0,0,0
2021-04-20 17:25:12,69,23,0,0,0,0
2021-04-20 17:25:22,99,33,0,0,0,0
2021-04-20 17:25:32,81,27,0,0,0,0
2021-04-20 17:25:42,81,27,0,0,0,0
2021-04-20 17:25:52,39,13,0,0,0,0
2021-04-20 17:26:02,69,23,3,0,0,0
2021-04-20 17:26:12,81,27,0,0,0,0
2021-04-20 17:26:22,114,34,3,0,0,0
2021-04-20 17:26:32,93,27,3,0,0,0
2021-04-20 17:26:42,39,13,0,0,0,0
2021-04-20 17:26:52,69,23,0,0,0,0
2021-04-20 17:27:02,30,10,0,0,0,0
2021-04-20 17:27:12,93,31,0,0,0,0
2021-04-20 17:27:22,60,20,0,0,0,0
2021-04-20 17:27:32,39,13,0,0,0,0
2021-04-20 17:27:42,27,9,0,0,0,0
2021-04-20 17:27:52,57,19,0,0,0,0
2021-04-20 17:28:02,60,16,0,0,0,0
2021-04-20 17:28:12,60,16,0,0,0,0
2021-04-20 17:28:22,48,16,0,0,0,0
2021-04-20 17:28:32,9,3,0,0,0,0
2021-04-20 17:28:42,27,6,0,0,0,0
2021-04-20 17:28:52,78,19,3,0,0,0
2021-04-20 17:29:02,69,23,0,0,0,0
2021-04-20 17:29:12,78,26,0,0,0,0
2021-04-20 17:29:22,75,25,0,0,0,0
2021-04-20 17:29:32,84,28,0,0,0,0
2021-04-20 17:29:42,57,19,0,0,0,0
2021-04-20 17:29:52,57,19,0,0,0,0
2021-04-20 17:30:02,81,27,0,0,0,0
2021-04-20 17:30:12,90,27,0,0,0,0
2021-04-20 17:30:22,27,9,0,0,0,0
2021-04-20 17:30:32,18,6,0,0,0,0
2021-04-20 17:30:42,18,6,0,0,0,0
2021-04-20 17:30:52,9,3,0,0,0,0
2021-04-20 17:31:02,18,6,0,0,0,0
2021-04-20 17:31:12,39,13,0,0,0,0
2021-04-20 17:31:22,102,34,0,0,0,0
2021-04-20 17:31:32,123,38,0,0,0,0
2021-04-20 17:31:42,99,33,0,0,0,0
2021-04-20 17:31:52,69,19,0,0,0,0
2021-04-20 17:32:02,36,12,0,0,0,0
2021-04-20 17:32:12,90,30,0,0,0,0
2021-04-20 17:32:22,111,37,3,0,0,0
2021-04-20 17:32:32,99,29,3,0,0,0
2021-04-20 17:32:42,69,19,0,0,0,0
2021-04-20 17:32:52,39,13,0,0,0,0
2021-04-20 17:33:02,72,20,0,0,0,0
2021-04-20 17:33:12,111,33,0,0,0,0
2021-04-20 17:33:22,120,40,0,0,0,0
2021-04-20 17:33:32,51,17,0,0,0,0
2021-04-20 17:33:42,51,17,0,0,0,0
2021-04-20 17:33:52,69,23,3,0,0,0
2021-04-20 17:34:02,84,25,6,0,0,0
2021-04-20 17:34:12,75,22,3,0,0,0
2021-04-20 17:34:22,39,13,0,0,0,0
2021-04-20 17:34:32,18,6,0,0,0,0
2021-04-20 17:34:42,39,13,0,0,0,0
2021-04-20 17:34:52,120,33,0,0,0,0
2021-04-20 17:35:02,90,23,0,0,0,0
2021-04-20 17:35:12,48,16,3,0,0,0
2021-04-20 17:35:22,57,19,3,0,0,0
2021-04-20 17:35:32,39,13,0,0,0,0
2021-04-20 17:35:42,132,37,0,0,0,0
2021-04-20 17:35:52,135,38,0,0,0,0
2021-04-20 17:36:02,93,27,0,0,0,0
2021-04-20 17:36:12,39,9,0,0,0,0
2021-04-20 17:36:22,81,27,0,0,0,0
2021-04-20 17:36:32,111,33,0,0,0,0
2021-04-20 17:36:42,36,12,0,0,0,0
2021-04-20 17:36:52,30,10,3,3,3,3
2021-04-20 17:37:02,39,13,0,0,0,0
2021-04-20 17:37:12,81,27,0,0,0,0
2021-04-20 17:37:22,90,27,0,0,0,0
2021-04-20 17:37:32,96,26,0,0,0,0
2021-04-20 17:37:42,90,23,0,0,0,0
2021-04-20 17:37:52,72,24,0,0,0,0
2021-04-20 17:38:02,63,21,0,0,0,0
2021-04-20 17:38:12,66,19,0,0,0,0
2021-04-20 17:38:22,36,9,0,0,0,0
2021-04-20 17:38:32,21,7,0,0,0,0
2021-04-20 17:38:42,18,6,0,0,0,0
2021-04-20 17:38:52,78,22,3,0,0,0
2021-04-20 17:39:02,60,16,0,0,0,0
2021-04-20 17:39:12,57,16,0,0,0,0
2021-04-20 17:39:22,48,13,0,0,0,0
2021-04-20 17:39:32,27,9,0,0,0,0
2021-04-20 17:39:42,90,27,0,0,0,0
2021-04-20 17:39:52,72,24,0,0,0,0
2021-04-20 17:40:02,90,27,0,0,0,0
2021-04-20 17:40:12,108,33,0,0,0,0
2021-04-20 17:40:22,90,30,0,0,0,0
2021-04-20 17:40:32,51,14,0,0,0,0
2021-04-20 17:40:42,93,31,0,0,0,0
2021-04-20 17:40:52,195,62,0,0,0,0
2021-04-20 17:41:02,108,36,9,3,3,3
2021-04-20 17:41:12,117,39,9,3,3,0
2021-04-20 17:41:22,138,46,3,3,3,0
2021-04-20 17:41:32,108,36,3,0,0,0
2021-04-20 17:41:42,96,29,0,0,0,0
2021-04-20 17:41:52,99,30,0,0,0,0
2021-04-20 17:42:02,60,20,7,3,0,0
2021-04-20 17:42:12,150,44,7,3,0,0
2021-04-20 17:42:22,144,45,7,0,0,0
2021-04-20 17:42:32,93,31,10,3,3,0
2021-04-20 17:42:42,153,51,3,3,3,0
2021-04-20 17:42:52,123,37,0,0,0,0
2021-04-20 17:43:02,111,33,6,6,3,0
2021-04-20 17:43:12,123,41,3,3,3,0
2021-04-20 17:43:22,123,34,0,0,0,0
2021-04-20 17:43:32,57,19,0,0,0,0
2021-04-20 17:43:42,129,43,3,0,0,0
2021-04-20 17:43:52,249,76,16,3,3,3
2021-04-20 17:44:02,219,62,27,3,3,0
2021-04-20 17:44:12,174,54,17,3,3,3
2021-04-20 17:44:22,90,30,0,0,0,0
2021-04-20 17:44:32,234,78,3,3,3,3
2021-04-20 17:44:42,126,42,13,3,3,3
2021-04-20 17:44:52,117,39,7,0,0,0
2021-04-20 17:45:02,54,18,0,0,0,0
2021-04-20 17:45:12,75,22,0,0,0,0
2021-04-20 17:45:22,57,19,0,0,0,0
2021-04-20 17:45:32,108,33,0,0,0,0
2021-04-20 17:45:42,57,19,0,0,0,0
2021-04-20 17:45:52,60,17,0,0,0,0
2021-04-20 17:46:02,81,27,3,3,3,0
2021-04-20 17:46:12,285,95,27,3,0,0
2021-04-20 17:46:22,207,65,16,3,0,0
2021-04-20 17:46:32,132,37,3,0,0,0
2021-04-20 17:46:42,48,13,0,0,0,0
2021-04-20 17:46:52,111,34,3,0,0,0
2021-04-20 17:47:02,120,37,0,0,0,0
2021-04-20 17:47:12,141,47,0,0,0,0
2021-04-20 17:47:22,111,37,0,0,0,0
2021-04-20 17:47:32,81,27,0,0,0,0
2021-04-20 17:47:42,189,63,6,0,0,0
2021-04-20 17:47:52,144,48,3,0,0,0
2021-04-20 17:48:02,63,17,0,0,0,0
2021-04-20 17:48:12,69,19,0,0,0,0
2021-04-20 17:48:22,48,16,0,0,0,0
2021-04-20 17:48:32,87,29,0,0,0,0
2021-04-20 17:48:42,87,25,0,0,0,0
2021-04-20 17:48:52,72,20,0,0,0,0
2021-04-20 17:49:02,93,31,0,0,0,0
2021-04-20 17:49:12,90,30,0,0,0,0
2021-04-20 17:49:22,57,16,0,0,0,0
2021-04-20 17:49:32,96,29,0,0,0,0
2021-04-20 17:49:42,111,37,0,0,0,0
2021-04-20 17:49:52,81,27,0,0,0,0
2021-04-20 17:50:02,30,10,0,0,0,0
2021-04-20 17:50:12,126,38,13,3,3,0
2021-04-20 17:50:22,114,34,10,3,3,0
2021-04-20 17:50:32,60,20,0,0,0,0
2021-04-20 17:50:42,57,16,0,0,0,0
2021-04-20 17:50:52,69,23,0,0,0,0
2021-04-20 17:51:02,39,13,0,0,0,0
2021-04-20 17:51:12,60,20,0,0,0,0
2021-04-20 17:51:22,39,13,0,0,0,0
2021-04-20 17:51:32,39,13,0,0,0,0
2021-04-20 17:51:42,9,3,0,0,0,0
2021-04-20 17:51:52,30,10,0,0,0,0
2021-04-20 17:52:02,69,23,0,0,0,0
2021-04-20 17:52:12,66,22,3,0,0,0
2021-04-20 17:52:22,96,32,6,0,0,0
2021-04-20 17:52:32,39,9,0,0,0,0
2021-04-20 17:52:42,39,6,0,0,0,0
2021-04-20 17:52:52,48,16,0,0,0,0
2021-04-20 17:53:02,72,24,0,0,0,0
2021-04-20 17:53:12,42,14,0,0,0,0
2021-04-20 17:53:22,27,9,0,0,0,0
2021-04-20 17:53:32,48,16,3,0,0,0
2021-04-20 17:53:42,99,30,3,0,0,0
2021-04-20 17:53:52,174,51,3,0,0,0
2021-04-20 17:54:02,141,43,3,0,0,0
2021-04-20 17:54:12,144,44,0,0,0,0
2021-04-20 17:54:22,93,27,3,0,0,0
2021-04-20 17:54:32,123,41,6,0,0,0
2021-04-20 17:54:42,141,47,3,0,0,0
2021-04-20 17:54:52,120,40,0,0,0,0
2021-04-20 17:55:02,60,17,0,0,0,0
2021-04-20 17:55:12,99,30,0,0,0,0
2021-04-20 17:55:22,78,23,0,0,0,0
2021-04-20 17:55:32,48,16,0,0,0,0
2021-04-20 17:55:42,60,20,0,0,0,0
2021-04-20 17:55:52,87,25,0,0,0,0
2021-04-20 17:56:02,75,21,0,0,0,0
2021-04-20 17:56:12,66,19,0,0,0,0
2021-04-20 17:56:22,141,44,0,0,0,0
2021-04-20 17:56:32,111,34,3,0,0,0
2021-04-20 17:56:42,141,44,10,0,0,0
2021-04-20 17:56:52,171,57,7,0,0,0
2021-04-20 17:57:02,126,39,0,0,0,0
2021-04-20 17:57:12,108,33,0,0,0,0
2021-04-20 17:57:22,69,23,0,0,0,0
2021-04-20 17:57:32,84,28,0,0,0,0
2021-04-20 17:57:42,93,31,0,0,0,0
2021-04-20 17:57:52,60,20,0,0,0,0
2021-04-20 17:58:02,60,20,0,0,0,0
2021-04-20 17:58:12,78,26,0,0,0,0
2021-04-20 17:58:22,117,36,0,0,0,0
2021-04-20 17:58:32,78,23,0,0,0,0
2021-04-20 17:58:42,111,37,7,3,3,3
2021-04-20 17:58:52,147,49,14,3,3,3
2021-04-20 17:59:02,255,82,7,0,0,0
2021-04-20 17:59:12,273,77,0,0,0,0
2021-04-20 17:59:22,144,44,0,0,0,0
2021-04-20 17:59:32,147,49,3,0,0,0
2021-04-20 17:59:42,135,45,6,0,0,0
2021-04-20 17:59:52,57,19,3,0,0,0
2021-04-20 18:00:02,60,20,0,0,0,0
2021-04-20 18:00:12,39,13,0,0,0,0
2021-04-20 18:00:22,99,33,0,0,0,0
2021-04-20 18:00:32,96,32,0,0,0,0
2021-04-20 18:00:42,105,35,3,0,0,0
2021-04-20 18:00:52,39,13,3,0,0,0
2021-04-20 18:01:02,30,10,0,0,0,0
2021-04-20 18:01:12,69,20,0,0,0,0
2021-04-20 18:01:22,120,37,0,0,0,0
2021-04-20 18:01:32,78,26,3,0,0,0
2021-04-20 18:01:42,111,37,6,0,0,0
2021-04-20 18:01:52,111,33,3,0,0,0
2021-04-20 18:02:02,78,19,0,0,0,0
2021-04-20 18:02:12,66,19,0,0,0,0
2021-04-20 18:02:22,48,16,0,0,0,0
2021-04-20 18:02:32,21,3,0,0,0,0
2021-04-20 18:02:42,60,16,0,0,0,0
2021-04-20 18:02:52,60,20,0,0,0,0
2021-04-20 18:03:02,102,34,3,0,0,0
2021-04-20 18:03:12,72,24,3,0,0,0
2021-04-20 18:03:22,51,17,0,0,0,0
2021-04-20 18:03:32,60,20,0,0,0,0
2021-04-20 18:03:42,9,3,0,0,0,0
2021-04-20 18:03:52,39,13,0,0,0,0
2021-04-20 18:04:02,69,20,0,0,0,0
2021-04-20 18:04:12,60,20,0,0,0,0
2021-04-20 18:04:22,99,33,0,0,0,0
2021-04-20 18:04:32,117,39,0,0,0,0
2021-04-20 18:04:42,72,24,0,0,0,0
2021-04-20 18:04:52,39,13,0,0,0,0
2021-04-20 18:05:02,27,9,0,0,0,0
2021-04-20 18:05:12,69,20,3,0,0,0
2021-04-20 18:05:22,66,19,3,0,0,0
2021-04-20 18:05:32,60,20,0,0,0,0
2021-04-20 18:05:42,42,14,0,0,0,0
2021-04-20 18:05:52,51,17,0,0,0,0
2021-04-20 18:06:02,48,16,0,0,0,0
2021-04-20 18:06:12,27,9,0,0,0,0
2021-04-20 18:06:22,78,23,0,0,0,0
2021-04-20 18:06:32,60,17,0,0,0,0
2021-04-20 18:06:42,102,31,0,0,0,0
2021-04-20 18:06:52,57,16,0,0,0,0
2021-04-20 18:07:02,102,31,0,0,0,0
2021-04-20 18:07:12,72,24,0,0,0,0
2021-04-20 18:07:22,81,27,3,0,0,0
2021-04-20 18:07:32,90,30,3,0,0,0
2021-04-20 18:07:42,102,34,0,0,0,0
2021-04-20 18:07:52,60,20,0,0,0,0
2021-04-20 18:08:02,60,20,0,0,0,0
2021-04-20 18:08:12,48,16,0,0,0,0
2021-04-20 18:08:22,30,10,0,0,0,0
2021-04-20 18:08:32,39,13,0,0,0,0
2021-04-20 18:08:42,69,23,0,0,0,0
2021-04-20 18:08:52,51,17,0,0,0,0
2021-04-20 18:09:02,48,16,0,0,0,0
2021-04-20 18:09:12,63,15,0,0,0,0
2021-04-20 18:09:22,90,27,0,0,0,0
2021-04-20 18:09:32,51,17,0,0,0,0
2021-04-20 18:09:42,60,20,0,0,0,0
2021-04-20 18:09:52,81,27,3,3,3,3
2021-04-20 18:10:02,132,34,3,3,3,3
2021-04-20 18:10:12,174,51,3,3,3,3
2021-04-20 18:10:22,132,40,3,3,3,3
2021-04-20 18:10:32,87,29,0,0,0,0
2021-04-20 18:10:42,27,9,0,0,0,0
2021-04-20 18:10:52,30,6,0,0,0,0
2021-04-20 18:11:02,69,23,0,0,0,0
2021-04-20 18:11:12,81,23,0,0,0,0
2021-04-20 18:11:22,63,17,0,0,0,0
2021-04-20 18:11:32,63,21,0,0,0,0
2021-04-20 18:11:42,102,34,3,0,0,0
2021-04-20 18:11:52,90,27,0,0,0,0
2021-04-20 18:12:02,78,20,0,0,0,0
2021-04-20 18:12:12,78,17,0,0,0,0
2021-04-20 18:12:22,123,37,3,3,3,3
2021-04-20 18:12:32,132,44,0,0,0,0
2021-04-20 18:12:42,78,26,0,0,0,0
2021-04-20 18:12:52,120,40,0,0,0,0
2021-04-20 18:13:02,171,53,10,3,3,3
2021-04-20 18:13:12,195,58,10,0,0,0
2021-04-20 18:13:22,177,56,7,0,0,0
2021-04-20 18:13:32,123,41,0,0,0,0
2021-04-20 18:13:42,90,30,0,0,0,0
2021-04-20 18:13:52,36,12,0,0,0,0
2021-04-20 18:14:02,54,18,0,0,0,0
2021-04-20 18:14:12,72,18,0,0,0,0
2021-04-20 18:14:22,66,16,0,0,0,0
2021-04-20 18:14:32,90,27,3,0,0,0
2021-04-20 18:14:42,108,36,3,0,0,0
2021-04-20 18:14:52,36,12,0,0,0,0
2021-04-20 18:15:02,18,6,0,0,0,0
2021-04-20 18:15:12,93,31,3,0,0,0
2021-04-20 18:15:22,180,56,6,0,0,0
2021-04-20 18:15:32,90,30,0,0,0,0
2021-04-20 18:15:42,60,20,0,0,0,0
2021-04-20 18:15:52,39,13,0,0,0,0
2021-04-20 18:16:02,93,31,0,0,0,0
2021-04-20 18:16:12,75,19,0,0,0,0
2021-04-20 18:16:22,36,12,0,0,0,0
2021-04-20 18:16:32,102,34,0,0,0,0
2021-04-20 18:16:42,72,24,0,0,0,0
2021-04-20 18:16:52,18,6,0,0,0,0
2021-04-20 18:17:02,36,12,0,0,0,0
2021-04-20 18:17:12,78,23,0,0,0,0
2021-04-20 18:17:22,90,27,3,3,3,3
2021-04-20 18:17:32,60,20,3,3,3,3
2021-04-20 18:17:42,81,24,0,0,0,0
2021-04-20 18:17:52,111,34,0,0,0,0
2021-04-20 18:18:02,111,37,0,0,0,0
2021-04-20 18:18:12,39,13,0,0,0,0
2021-04-20 18:18:22,51,17,0,0,0,0
2021-04-20 18:18:32,51,14,0,0,0,0
2021-04-20 18:18:42,57,19,0,0,0,0
2021-04-20 18:18:52,99,33,0,0,0,0
2021-04-20 18:19:02,114,38,3,0,0,0
2021-04-20 18:19:12,168,56,18,3,0,0
2021-04-20 18:19:22,222,65,6,0,0,0
2021-04-20 18:19:32,204,68,6,0,0,0
2021-04-20 18:19:42,156,52,3,0,0,0
2021-04-20 18:19:52,69,23,0,0,0,0
2021-04-20 18:20:02,75,22,0,0,0,0
2021-04-20 18:20:12,141,40,0,0,0,0
2021-04-20 18:20:22,114,34,0,0,0,0
2021-04-20 18:20:32,48,16,0,0,0,0
2021-04-20 18:20:42,45,15,0,0,0,0
2021-04-20 18:20:52,87,29,0,0,0,0
2021-04-20 18:21:02,90,30,3,0,0,0
2021-04-20 18:21:12,39,13,3,0,0,0
2021-04-20 18:21:22,78,22,0,0,0,0
2021-04-20 18:21:32,108,32,0,0,0,0
2021-04-20 18:21:42,108,32,0,0,0,0
2021-04-20 18:21:52,45,15,0,0,0,0
2021-04-20 18:22:02,48,16,0,0,0,0
2021-04-20 18:22:12,48,16,0,0,0,0
2021-04-20 18:22:22,87,29,0,0,0,0
2021-04-20 18:22:32,81,27,0,0,0,0
2021-04-20 18:22:42,123,37,0,0,0,0
2021-04-20 18:22:52,78,22,0,0,0,0
2021-04-20 18:23:02,39,13,0,0,0,0
2021-04-20 18:23:12,69,19,0,0,0,0
2021-04-20 18:23:22,81,23,3,0,0,0
2021-04-20 18:23:32,60,17,3,0,0,0
2021-04-20 18:23:42,69,23,3,0,0,0
2021-04-20 18:23:52,78,26,3,0,0,0
2021-04-20 18:24:02,69,20,0,0,0,0
2021-04-20 18:24:12,90,30,3,0,0,0
2021-04-20 18:24:22,111,37,0,0,0,0
2021-04-20 18:24:32,39,13,0,0,0,0
2021-04-20 18:24:42,39,13,0,0,0,0
2021-04-20 18:24:52,48,16,0,0,0,0
2021-04-20 18:25:02,18,6,0,0,0,0
2021-04-20 18:25:12,48,16,0,0,0,0
2021-04-20 18:25:22,81,27,0,0,0,0
2021-04-20 18:25:32,81,27,0,0,0,0
2021-04-20 18:25:42,114,34,0,0,0,0
2021-04-20 18:25:52,60,16,7,0,0,0
2021-04-20 18:26:02,69,23,7,0,0,0
2021-04-20 18:26:12,48,16,0,0,0,0
2021-04-20 18:26:22,48,13,0,0,0,0
2021-04-20 18:26:32,48,13,0,0,0,0
2021-04-20 18:26:42,48,16,0,0,0,0
2021-04-20 18:26:52,60,20,0,0,0,0
2021-04-20 18:27:02,90,30,3,0,0,0
2021-04-20 18:27:12,60,20,0,0,0,0
2021-04-20 18:27:22,99,33,0,0,0,0
2021-04-20 18:27:32,60,16,0,0,0,0
2021-04-20 18:27:42,9,3,0,0,0,0
2021-04-20 18:27:52,60,20,3,3,3,0
2021-04-20 18:28:02,45,15,0,0,0,0
2021-04-20 18:28:12,66,22,0,0,0,0
2021-04-20 18:28:22,108,36,0,0,0,0
2021-04-20 18:28:32,93,27,3,0,0,0
2021-04-20 18:28:42,78,19,3,0,0,0
2021-04-20 18:28:52,57,13,0,0,0,0
2021-04-20 18:29:02,51,17,0,0,0,0
2021-04-20 18:29:12,78,23,0,0,0,0
2021-04-20 18:29:22,9,3,0,0,0,0
2021-04-20 18:29:32,48,16,0,0,0,0
2021-04-20 18:29:42,69,23,0,0,0,0
2021-04-20 18:29:52,90,30,3,0,0,0
2021-04-20 18:30:02,99,29,3,3,3,0
2021-04-20 18:30:12,78,19,0,0,0,0
2021-04-20 18:30:22,48,9,0,0,0,0
2021-04-20 18:30:32,60,16,0,0,0,0
2021-04-20 18:30:42,141,43,0,0,0,0
2021-04-20 18:30:52,141,47,3,0,0,0
2021-04-20 18:31:02,120,40,0,0,0,0
2021-04-20 18:31:12,69,23,3,0,0,0
2021-04-20 18:31:22,78,23,3,0,0,0
2021-04-20 18:31:32,78,26,0,0,0,0
2021-04-20 18:31:42,69,23,0,0,0,0
2021-04-20 18:31:52,60,16,0,0,0,0
2021-04-20 18:32:02,60,16,0,0,0,0
2021-04-20 18:32:12,69,20,0,0,0,0
2021-04-20 18:32:22,90,27,0,0,0,0
2021-04-20 18:32:32,171,50,3,0,0,0
2021-04-20 18:32:42,159,43,3,0,0,0
2021-04-20 18:32:52,69,16,0,0,0,0
2021-04-20 18:33:02,69,16,0,0,0,0
2021-04-20 18:33:12,99,27,0,0,0,0
2021-04-20 18:33:22,66,19,3,3,3,0
2021-04-20 18:33:32,66,18,0,0,0,0
2021-04-20 18:33:42,78,26,0,0,0,0
2021-04-20 18:33:52,96,32,3,0,0,0
2021-04-20 18:34:02,105,32,3,0,0,0
2021-04-20 18:34:12,81,27,0,0,0,0
2021-04-20 18:34:22,81,27,0,0,0,0
2021-04-20 18:34:32,90,30,0,0,0,0
2021-04-20 18:34:42,90,30,0,0,0,0
2021-04-20 18:34:52,48,13,0,0,0,0
2021-04-20 18:35:02,69,16,0,0,0,0
2021-04-20 18:35:12,99,29,0,0,0,0
2021-04-20 18:35:22,123,41,0,0,0,0
2021-04-20 18:35:32,114,38,0,0,0,0
2021-04-20 18:35:42,102,34,0,0,0,0
2021-04-20 18:35:52,48,16,0,0,0,0
2021-04-20 18:36:02,69,23,3,0,0,0
2021-04-20 18:36:12,42,14,0,0,0,0
2021-04-20 18:36:22,51,17,3,0,0,0
2021-04-20 18:36:32,111,37,3,0,0,0
2021-04-20 18:36:42,306,102,0,0,0,0
2021-04-20 18:36:52,327,109,3,0,0,0
2021-04-20 18:37:02,168,52,3,0,0,0
2021-04-20 18:37:12,147,45,3,0,0,0
2021-04-20 18:37:22,57,16,3,0,0,0
2021-04-20 18:37:32,111,34,0,0,0,0
2021-04-20 18:37:42,129,37,0,0,0,0
2021-04-20 18:37:52,96,23,0,0,0,0
2021-04-20 18:38:02,27,9,0,0,0,0
2021-04-20 18:38:12,57,19,3,0,0,0
2021-04-20 18:38:22,48,16,0,0,0,0
2021-04-20 18:38:32,102,34,0,0,0,0
2021-04-20 18:38:42,84,28,0,0,0,0
2021-04-20 18:38:52,93,31,3,0,0,0
2021-04-20 18:39:02,123,37,3,0,0,0
2021-04-20 18:39:12,93,27,0,0,0,0
2021-04-20 18:39:22,39,13,0,0,0,0
2021-04-20 18:39:32,78,26,0,0,0,0
2021-04-20 18:39:42,48,16,0,0,0,0
2021-04-20 18:39:52,39,13,0,0,0,0
2021-04-20 18:40:02,99,30,0,0,0,0
2021-04-20 18:40:12,108,36,0,0,0,0
2021-04-20 18:40:22,129,36,0,0,0,0
2021-04-20 18:40:32,171,50,0,0,0,0
2021-04-20 18:40:42,87,26,0,0,0,0
2021-04-20 18:40:52,105,35,3,0,0,0
2021-04-20 18:41:02,57,19,3,0,0,0
2021-04-20 18:41:12,60,20,0,0,0,0
2021-04-20 18:41:22,78,26,0,0,0,0
2021-04-20 18:41:32,60,20,0,0,0,0
2021-04-20 18:41:42,60,20,0,0,0,0
2021-04-20 18:41:52,48,16,0,0,0,0
2021-04-20 18:42:02,42,14,3,0,0,0
2021-04-20 18:42:12,42,14,3,0,0,0
2021-04-20 18:42:22,60,17,3,0,0,0
2021-04-20 18:42:32,102,27,9,3,3,3
2021-04-20 18:42:42,60,13,3,0,0,0
2021-04-20 18:42:52,18,6,0,0,0,0
2021-04-20 18:43:02,39,13,0,0,0,0
2021-04-20 18:43:12,123,37,0,0,0,0
2021-04-20 18:43:22,72,24,0,0,0,0
2021-04-20 18:43:32,27,9,0,0,0,0
2021-04-20 18:43:42,0,0,0,0,0,0
2021-04-20 18:43:52,42,14,0,0,0,0
2021-04-20 18:44:02,39,13,6,3,3,3
2021-04-20 18:44:12,69,23,9,3,3,3
2021-04-20 18:44:22,51,17,3,0,0,0
2021-04-20 18:44:32,9,3,0,0,0,0
2021-04-20 18:44:42,69,23,0,0,0,0
2021-04-20 18:44:52,93,27,3,0,0,0
2021-04-20 18:45:02,39,13,3,0,0,0
2021-04-20 18:45:12,39,13,0,0,0,0
2021-04-20 18:45:22,60,20,0,0,0,0
2021-04-20 18:45:32,90,30,0,0,0,0
2021-04-20 18:45:42,111,27,0,0,0,0
2021-04-20 18:45:52,60,13,0,0,0,0
2021-04-20 18:46:02,45,12,0,0,0,0
2021-04-20 18:46:12,27,6,0,0,0,0
2021-04-20 18:46:22,0,0,0,0,0,0
2021-04-20 18:46:32,90,30,0,0,0,0
2021-04-20 18:46:42,99,33,0,0,0,0
2021-04-20 18:46:52,36,12,0,0,0,0
2021-04-20 18:47:02,48,16,0,0,0,0
2021-04-20 18:47:12,120,40,0,0,0,0
2021-04-20 18:47:22,195,57,7,0,0,0
2021-04-20 18:47:32,174,43,7,0,0,0
2021-04-20 18:47:42,84,25,0,0,0,0
2021-04-20 18:47:52,36,12,0,0,0,0
2021-04-20 18:48:02,57,19,0,0,0,0
2021-04-20 18:48:12,57,19,0,0,0,0
2021-04-20 18:48:22,138,46,3,0,0,0
2021-04-20 18:48:32,99,29,0,0,0,0
2021-04-20 18:48:42,120,32,0,0,0,0
2021-04-20 18:48:52,129,36,0,0,0,0
2021-04-20 18:49:02,141,44,10,7,7,3
2021-04-20 18:49:12,99,30,10,7,7,3
2021-04-20 18:49:22,39,6,0,0,0,0
2021-04-20 18:49:32,72,16,0,0,0,0
2021-04-20 18:49:42,39,13,0,0,0,0
2021-04-20 18:49:52,57,19,3,0,0,0
2021-04-20 18:50:02,45,15,3,0,0,0
2021-04-20 18:50:12,45,15,0,0,0,0
2021-04-20 18:50:22,48,16,0,0,0,0
2021-04-20 18:50:32,66,19,0,0,0,0
2021-04-20 18:50:42,141,44,3,0,0,0
2021-04-20 18:50:52,153,48,6,0,0,0
2021-04-20 18:51:02,138,43,3,0,0,0
2021-04-20 18:51:12,141,44,0,0,0,0
2021-04-20 18:51:22,123,37,0,0,0,0
2021-04-20 18:51:32,111,30,0,0,0,0
2021-04-20 18:51:42,57,16,0,0,0,0
2021-04-20 18:51:52,60,20,0,0,0,0
2021-04-20 18:52:02,99,30,0,0,0,0
2021-04-20 18:52:12,78,23,0,0,0,0
2021-04-20 18:52:22,66,19,0,0,0,0
2021-04-20 18:52:32,132,44,3,0,0,0
2021-04-20 18:52:42,132,44,3,0,0,0
2021-04-20 18:52:52,57,16,0,0,0,0
2021-04-20 18:53:02,51,14,0,0,0,0
2021-04-20 18:53:12,48,13,0,0,0,0
2021-04-20 18:53:22,153,45,0,0,0,0
2021-04-20 18:53:32,93,28,0,0,0,0
2021-04-20 18:53:42,63,21,0,0,0,0
2021-04-20 18:53:52,60,20,0,0,0,0
2021-04-20 18:54:02,78,23,0,0,0,0
2021-04-20 18:54:12,120,37,0,0,0,0
2021-04-20 18:54:22,111,37,0,0,0,0
2021-04-20 18:54:32,87,26,0,0,0,0
2021-04-20 18:54:42,153,40,3,0,0,0
2021-04-20 18:54:52,111,30,0,0,0,0
2021-04-20 18:55:02,132,44,0,0,0,0
2021-04-20 18:55:12,48,16,0,0,0,0
2021-04-20 18:55:22,78,23,0,0,0,0
2021-04-20 18:55:32,90,23,0,0,0,0
2021-04-20 18:55:42,93,27,0,0,0,0
2021-04-20 18:55:52,90,26,0,0,0,0
2021-04-20 18:56:02,78,26,0,0,0,0
2021-04-20 18:56:12,90,26,3,0,0,0
2021-04-20 18:56:22,126,34,3,0,0,0
2021-04-20 18:56:32,204,61,7,0,0,0
2021-04-20 18:56:42,120,40,0,0,0,0
2021-04-20 18:56:52,123,35,0,0,0,0
2021-04-20 18:57:02,81,24,0,0,0,0
2021-04-20 18:57:12,78,26,0,0,0,0
2021-04-20 18:57:22,81,27,0,0,0,0
2021-04-20 18:57:32,87,29,3,0,0,0
2021-04-20 18:57:42,87,29,3,0,0,0
2021-04-20 18:57:52,48,13,0,0,0,0
2021-04-20 18:58:02,27,6,0,0,0,0
2021-04-20 18:58:12,87,29,3,3,3,0
2021-04-20 18:58:22,90,27,3,3,3,0
2021-04-20 18:58:32,39,10,0,0,0,0
2021-04-20 18:58:42,9,3,0,0,0,0
2021-04-20 18:58:52,9,3,0,0,0,0
2021-04-20 18:59:02,0,0,0,0,0,0
2021-04-20 18:59:12,9,3,3,3,3,0
2021-04-20 18:59:22,18,6,3,3,3,0
2021-04-20 18:59:32,9,3,0,0,0,0
2021-04-20 18:59:42,0,0,0,0,0,0
2021-04-20 18:59:52,0,0,0,0,0,0
2021-04-20 19:00:02,0,0,0,0,0,0
2021-04-20 19:00:12,9,3,0,0,0,0
2021-04-20 19:00:22,9,3,0,0,0,0
2021-04-20 19:00:32,30,7,3,0,0,0
2021-04-20 19:00:42,30,7,3,0,0,0
2021-04-20 19:00:52,9,3,0,0,0,0
2021-04-20 19:01:02,0,0,0,0,0,0
2021-04-20 19:01:12,9,3,0,0,0,0
2021-04-20 19:01:22,9,3,0,0,0,0
2021-04-20 19:01:32,84,24,0,0,0,0
2021-04-20 19:01:42,75,21,0,0,0,0
2021-04-20 19:01:52,0,0,0,0,0,0
2021-04-20 19:02:02,9,3,0,0,0,0
2021-04-20 19:02:12,9,3,0,0,0,0
2021-04-20 19:02:22,9,3,0,0,0,0
2021-04-20 19:02:32,0,0,0,0,0,0
2021-04-20 19:02:42,0,0,0,0,0,0
2021-04-20 19:02:52,0,0,0,0,0,0
2021-04-20 19:03:02,0,0,0,0,0,0
2021-04-20 19:03:12,0,0,0,0,0,0
2021-04-20 19:03:22,0,0,0,0,0,0
2021-04-20 19:03:32,9,3,0,0,0,0
2021-04-20 19:03:42,9,3,0,0,0,0
2021-04-20 19:03:52,0,0,0,0,0,0
2021-04-20 19:04:02,0,0,0,0,0,0
2021-04-20 19:04:12,0,0,0,0,0,0
2021-04-20 19:04:22,9,3,0,0,0,0
2021-04-20 19:04:32,18,6,0,0,0,0
2021-04-20 19:04:42,27,6,0,0,0,0
2021-04-20 19:04:52,18,3,0,0,0,0
2021-04-20 19:05:02,0,0,0,0,0,0
2021-04-20 19:05:12,9,3,0,0,0,0
2021-04-20 19:05:22,0,0,0,0,0,0
2021-04-20 19:05:32,9,3,0,0,0,0
2021-04-20 19:05:42,0,0,0,0,0,0
2021-04-20 19:05:52,9,3,0,0,0,0
2021-04-20 19:06:02,0,0,0,0,0,0
2021-04-20 19:06:12,9,3,0,0,0,0
2021-04-20 19:06:22,9,3,0,0,0,0
2021-04-20 19:06:32,9,3,0,0,0,0
2021-04-20 19:06:42,9,3,0,0,0,0
2021-04-20 19:06:52,0,0,0,0,0,0
2021-04-20 19:07:02,9,3,0,0,0,0
2021-04-20 19:07:12,30,10,0,0,0,0
2021-04-20 19:07:22,21,7,0,0,0,0
2021-04-20 19:07:32,9,3,3,0,0,0
2021-04-20 19:07:42,9,3,3,0,0,0
2021-04-20 19:07:52,30,6,0,0,0,0
2021-04-20 19:08:02,30,6,0,0,0,0
2021-04-20 19:08:12,30,10,0,0,0,0
2021-04-20 19:08:22,30,10,0,0,0,0
2021-04-20 19:08:32,0,0,0,0,0,0
2021-04-20 19:08:42,0,0,0,0,0,0
2021-04-20 19:08:52,21,7,0,0,0,0
2021-04-20 19:09:02,39,13,0,0,0,0
2021-04-20 19:09:12,18,6,0,0,0,0
2021-04-20 19:09:22,0,0,0,0,0,0
2021-04-20 19:09:32,9,3,0,0,0,0
2021-04-20 19:09:42,9,3,0,0,0,0
2021-04-20 19:09:52,0,0,0,0,0,0
2021-04-20 19:10:02,9,3,0,0,0,0
2021-04-20 19:10:12,9,3,0,0,0,0
2021-04-20 19:10:22,21,7,0,0,0,0
2021-04-20 19:10:32,39,13,0,0,0,0
2021-04-20 19:10:42,18,6,0,0,0,0
2021-04-20 19:10:52,0,0,0,0,0,0
2021-04-20 19:11:02,0,0,0,0,0,0
2021-04-20 19:11:12,0,0,0,0,0,0
2021-04-20 19:11:22,0,0,0,0,0,0
2021-04-20 19:11:32,0,0,0,0,0,0
2021-04-20 19:11:42,18,6,0,0,0,0
2021-04-20 19:11:52,0,0,0,0,0,0
2021-04-20 19:12:02,21,7,0,0,0,0
2021-04-20 19:12:12,21,7,0,0,0,0
2021-04-20 19:12:22,9,3,0,0,0,0
2021-04-20 19:12:32,18,6,0,0,0,0
2021-04-20 19:12:42,9,3,0,0,0,0
2021-04-20 19:12:52,18,3,0,0,0,0
2021-04-20 19:13:02,9,0,0,0,0,0
2021-04-20 19:13:12,0,0,0,0,0,0
2021-04-20 19:13:22,9,3,0,0,0,0
2021-04-20 19:13:32,18,3,0,0,0,0
2021-04-20 19:13:42,18,3,0,0,0,0
2021-04-20 19:13:52,0,0,0,0,0,0
2021-04-20 19:14:02,9,3,0,0,0,0
2021-04-20 19:14:12,18,6,0,0,0,0
2021-04-20 19:14:22,39,13,0,0,0,0
2021-04-20 19:14:32,9,3,0,0,0,0
2021-04-20 19:14:42,120,33,3,3,3,3
2021-04-20 19:14:52,60,20,3,3,3,3
2021-04-20 19:15:02,39,13,3,3,0,0
2021-04-20 19:15:12,87,23,13,6,3,3
2021-04-20 19:15:22,213,65,13,0,0,0
2021-04-20 19:15:32,315,105,9,0,0,0
2021-04-20 19:15:42,222,70,10,3,3,3
2021-04-20 19:15:52,216,68,19,6,6,6
2021-04-20 19:16:02,153,51,6,0,0,0
2021-04-20 19:16:12,132,41,3,0,0,0
2021-04-20 19:16:22,264,85,6,0,0,0
2021-04-20 19:16:32,45,15,0,0,0,0
2021-04-20 19:16:42,57,19,3,3,3,0
2021-04-20 19:16:52,81,24,0,0,0,0
2021-04-20 19:17:02,57,16,3,0,0,0
2021-04-20 19:17:12,78,26,6,0,0,0
2021-04-20 19:17:22,99,29,3,0,0,0
2021-04-20 19:17:32,135,37,0,0,0,0
2021-04-20 19:17:42,81,23,0,0,0,0
2021-04-20 19:17:52,60,20,0,0,0,0
2021-04-20 19:18:02,51,17,0,0,0,0
2021-04-20 19:18:12,39,9,0,0,0,0
2021-04-20 19:18:22,123,29,7,3,3,3
2021-04-20 19:18:32,93,23,7,3,3,3
2021-04-20 19:18:42,18,6,3,0,0,0
2021-04-20 19:18:52,18,6,0,0,0,0
2021-04-20 19:19:02,27,9,0,0,0,0
2021-04-20 19:19:12,27,9,3,3,3,3
2021-04-20 19:19:22,54,15,3,3,3,3
2021-04-20 19:19:32,36,12,0,0,0,0
2021-04-20 19:19:42,36,12,0,0,0,0
2021-04-20 19:19:52,78,26,0,0,0,0
2021-04-20 19:20:02,27,9,3,0,0,0
2021-04-20 19:20:12,9,3,3,0,0,0
2021-04-20 19:20:22,9,3,0,0,0,0
2021-04-20 19:20:32,30,10,0,0,0,0
2021-04-20 19:20:42,48,16,0,0,0,0
2021-04-20 19:20:52,27,9,0,0,0,0
2021-04-20 19:21:02,30,10,0,0,0,0
2021-04-20 19:21:12,30,10,0,0,0,0
2021-04-20 19:21:22,30,10,0,0,0,0
2021-04-20 19:21:32,27,9,0,0,0,0
2021-04-20 19:21:42,9,3,0,0,0,0
2021-04-20 19:21:52,27,9,6,0,0,0
2021-04-20 19:22:02,18,6,3,0,0,0
2021-04-20 19:22:12,39,13,0,0,0,0
2021-04-20 19:22:22,156,48,0,0,0,0
2021-04-20 19:22:32,180,56,3,3,3,3
2021-04-20 19:22:42,72,24,3,3,3,3
2021-04-20 19:22:52,27,9,0,0,0,0
2021-04-20 19:23:02,27,9,0,0,0,0
2021-04-20 19:23:12,57,19,3,0,0,0
2021-04-20 19:23:22,9,3,0,0,0,0
2021-04-20 19:23:32,57,19,0,0,0,0
2021-04-20 19:23:42,48,13,0,0,0,0
2021-04-20 19:23:52,0,0,0,0,0,0
2021-04-20 19:24:02,81,27,10,7,7,0
2021-04-20 19:24:12,39,13,7,7,7,0
2021-04-20 19:24:22,21,3,0,0,0,0
2021-04-20 19:24:32,9,3,0,0,0,0
2021-04-20 19:24:42,39,9,3,3,3,0
2021-04-20 19:24:52,30,10,0,0,0,0
2021-04-20 19:25:02,21,7,0,0,0,0
2021-04-20 19:25:12,51,14,0,0,0,0
2021-04-20 19:25:22,51,14,0,0,0,0
2021-04-20 19:25:32,42,14,0,0,0,0
2021-04-20 19:25:42,72,24,0,0,0,0
2021-04-20 19:25:52,51,17,0,0,0,0
2021-04-20 19:26:02,0,0,0,0,0,0
2021-04-20 19:26:12,51,17,0,0,0,0
2021-04-20 19:26:22,30,10,0,0,0,0
2021-04-20 19:26:32,216,66,10,3,0,0
2021-04-20 19:26:42,177,53,10,3,0,0
2021-04-20 19:26:52,309,96,10,0,0,0
2021-04-20 19:27:02,369,120,27,16,6,6
2021-04-20 19:27:12,174,55,26,10,3,3
2021-04-20 19:27:22,150,50,9,3,0,0
2021-04-20 19:27:32,219,69,7,7,7,7
2021-04-20 19:27:42,315,98,27,6,0,0
2021-04-20 19:27:52,117,39,12,6,0,0
2021-04-20 19:28:02,90,26,0,0,0,0
2021-04-20 19:28:12,153,47,7,7,7,3
2021-04-20 19:28:22,252,80,34,10,10,3
2021-04-20 19:28:32,144,44,17,0,0,0
2021-04-20 19:28:42,144,40,3,0,0,0
2021-04-20 19:28:52,261,65,9,3,0,0
2021-04-20 19:29:02,129,36,6,6,0,0
2021-04-20 19:29:12,174,55,13,10,0,0
2021-04-20 19:29:22,156,49,17,10,3,0
2021-04-20 19:29:32,69,23,7,3,3,0
2021-04-20 19:29:42,60,16,0,0,0,0
2021-04-20 19:29:52,126,42,3,0,0,0
2021-04-20 19:30:02,54,18,0,0,0,0
2021-04-20 19:30:12,54,14,3,0,0,0
2021-04-20 19:30:22,81,23,3,0,0,0
2021-04-20 19:30:32,99,30,10,0,0,0
2021-04-20 19:30:42,99,29,10,0,0,0
2021-04-20 19:30:52,60,16,3,0,0,0
2021-04-20 19:31:02,81,27,3,0,0,0
2021-04-20 19:31:12,60,16,0,0,0,0
2021-04-20 19:31:22,63,21,0,0,0,0
2021-04-20 19:31:32,93,31,3,0,0,0
2021-04-20 19:31:42,72,24,3,0,0,0
2021-04-20 19:31:52,0,0,0,0,0,0
2021-04-20 19:32:02,30,10,0,0,0,0
2021-04-20 19:32:12,30,10,0,0,0,0
2021-04-20 19:32:22,39,10,3,3,0,0
2021-04-20 19:32:32,48,13,3,3,0,0
2021-04-20 19:32:42,48,13,3,3,3,0
2021-04-20 19:32:52,18,3,3,3,3,0
2021-04-20 19:33:02,18,6,3,3,3,0
2021-04-20 19:33:12,84,28,14,0,0,0
2021-04-20 19:33:22,84,28,14,0,0,0
2021-04-20 19:33:32,18,6,0,0,0,0
2021-04-20 19:33:42,18,6,3,3,3,3
2021-04-20 19:33:52,63,21,3,0,0,0
2021-04-20 19:34:02,81,27,3,0,0,0
2021-04-20 19:34:12,18,6,0,0,0,0
2021-04-20 19:34:22,0,0,0,0,0,0
2021-04-20 19:34:32,51,17,0,0,0,0
2021-04-20 19:34:42,63,21,0,0,0,0
2021-04-20 19:34:52,0,0,0,0,0,0
2021-04-20 19:35:02,0,0,0,0,0,0
2021-04-20 19:35:12,0,0,0,0,0,0
2021-04-20 19:35:22,0,0,0,0,0,0
2021-04-20 19:35:32,0,0,0,0,0,0
2021-04-20 19:35:42,9,3,0,0,0,0
2021-04-20 19:35:52,30,10,0,0,0,0
2021-04-20 19:36:02,30,10,0,0,0,0
2021-04-20 19:36:12,30,10,0,0,0,0
2021-04-20 19:36:22,39,13,0,0,0,0
2021-04-20 19:36:32,36,9,0,0,0,0
2021-04-20 19:36:42,27,6,0,0,0,0
2021-04-20 19:36:52,0,0,0,0,0,0
2021-04-20 19:37:02,0,0,0,0,0,0
2021-04-20 19:37:12,0,0,0,0,0,0
2021-04-20 19:37:22,39,10,0,0,0,0
2021-04-20 19:37:32,18,6,0,0,0,0
2021-04-20 19:37:42,39,10,3,0,0,0
2021-04-20 19:37:52,48,13,6,0,0,0
2021-04-20 19:38:02,9,3,3,0,0,0
2021-04-20 19:38:12,0,0,0,0,0,0
2021-04-20 19:38:22,0,0,0,0,0,0
2021-04-20 19:38:32,0,0,0,0,0,0
2021-04-20 19:38:42,0,0,0,0,0,0
2021-04-20 19:38:52,9,3,0,0,0,0
2021-04-20 19:39:02,63,21,0,0,0,0
2021-04-20 19:39:12,54,18,0,0,0,0
2021-04-20 19:39:22,21,3,0,0,0,0
2021-04-20 19:39:32,21,3,0,0,0,0
2021-04-20 19:39:42,30,10,0,0,0,0
2021-04-20 19:39:52,39,10,0,0,0,0
2021-04-20 19:40:02,9,3,0,0,0,0
2021-04-20 19:40:12,18,6,0,0,0,0
2021-04-20 19:40:22,9,3,0,0,0,0
2021-04-20 19:40:32,42,7,0,0,0,0
2021-04-20 19:40:42,84,17,0,0,0,0
2021-04-20 19:40:52,9,0,0,0,0,0
2021-04-20 19:41:02,27,3,0,0,0,0
2021-04-20 19:41:12,9,3,0,0,0,0
2021-04-20 19:41:22,18,6,0,0,0,0
2021-04-20 19:41:32,18,6,0,0,0,0
2021-04-20 19:41:42,9,3,0,0,0,0
2021-04-20 19:41:52,9,3,0,0,0,0
2021-04-20 19:42:02,0,0,0,0,0,0
2021-04-20 19:42:12,21,7,3,3,3,3
2021-04-20 19:42:22,147,49,10,3,3,3
2021-04-20 19:42:32,156,52,0,0,0,0
2021-04-20 19:42:42,249,83,3,3,3,0
2021-04-20 19:42:52,453,137,9,6,3,0
2021-04-20 19:43:02,639,192,9,6,3,3
2021-04-20 19:43:12,477,144,34,17,7,7
2021-04-20 19:43:22,333,103,17,3,3,3
2021-04-20 19:43:32,216,68,7,3,3,3
2021-04-20 19:43:42,162,54,9,3,3,0
2021-04-20 19:43:52,96,32,13,6,6,3
2021-04-20 19:44:02,99,33,7,3,3,3
2021-04-20 19:44:12,39,13,0,0,0,0
2021-04-20 19:44:22,123,37,13,3,0,0
2021-04-20 19:44:32,195,54,17,3,0,0
2021-04-20 19:44:42,120,33,7,0,0,0
2021-04-20 19:44:52,102,30,9,3,0,0
2021-04-20 19:45:02,102,34,6,0,0,0
2021-04-20 19:45:12,99,29,0,0,0,0
2021-04-20 19:45:22,132,32,3,3,3,0
2021-04-20 19:45:32,105,23,0,0,0,0
2021-04-20 19:45:42,81,19,7,0,0,0
2021-04-20 19:45:52,69,23,0,0,0,0
2021-04-20 19:46:02,18,6,0,0,0,0
2021-04-20 19:46:12,57,19,10,3,3,3
2021-04-20 19:46:22,48,16,10,3,3,3
2021-04-20 19:46:32,72,24,0,0,0,0
2021-04-20 19:46:42,156,48,0,0,0,0
2021-04-20 19:46:52,69,19,6,6,6,3
2021-04-20 19:47:02,36,12,3,3,3,3
2021-04-20 19:47:12,57,19,0,0,0,0
2021-04-20 19:47:22,36,12,0,0,0,0
2021-04-20 19:47:32,18,6,0,0,0,0
2021-04-20 19:47:42,9,3,3,3,3,3
2021-04-20 19:47:52,57,16,6,6,6,6
2021-04-20 19:48:02,9,3,0,0,0,0
2021-04-20 19:48:12,0,0,0,0,0,0
2021-04-20 19:48:22,63,21,0,0,0,0
2021-04-20 19:48:32,51,17,0,0,0,0
2021-04-20 19:48:42,9,3,0,0,0,0
2021-04-20 19:48:52,9,3,0,0,0,0
2021-04-20 19:49:02,51,17,0,0,0,0
2021-04-20 19:49:12,69,20,0,0,0,0
2021-04-20 19:49:22,18,6,0,0,0,0
2021-04-20 19:49:32,0,0,0,0,0,0
2021-04-20 19:49:42,105,31,0,0,0,0
2021-04-20 19:49:52,18,3,0,0,0,0
2021-04-20 19:50:02,27,6,0,0,0,0
2021-04-20 19:50:12,18,3,0,0,0,0
2021-04-20 19:50:22,9,3,0,0,0,0
2021-04-20 19:50:32,21,7,0,0,0,0
2021-04-20 19:50:42,21,7,0,0,0,0
2021-04-20 19:50:52,0,0,0,0,0,0
2021-04-20 19:51:02,51,13,0,0,0,0
2021-04-20 19:51:12,42,10,0,0,0,0
2021-04-20 19:51:22,9,0,0,0,0,0
2021-04-20 19:51:32,39,10,0,0,0,0
2021-04-20 19:51:42,39,13,0,0,0,0
2021-04-20 19:51:52,60,20,6,3,3,0
2021-04-20 19:52:02,81,23,3,3,3,0
2021-04-20 19:52:12,60,13,7,0,0,0
2021-04-20 19:52:22,30,10,7,0,0,0
2021-04-20 19:52:32,0,0,0,0,0,0
2021-04-20 19:52:42,0,0,0,0,0,0
2021-04-20 19:52:52,18,6,3,3,3,3
2021-04-20 19:53:02,18,6,3,3,3,3
2021-04-20 19:53:12,0,0,0,0,0,0
2021-04-20 19:53:22,18,6,0,0,0,0
2021-04-20 19:53:32,81,24,0,0,0,0
2021-04-20 19:53:42,69,23,0,0,0,0
2021-04-20 19:53:52,36,12,0,0,0,0
2021-04-20 19:54:02,207,65,3,3,0,0
2021-04-20 19:54:12,255,78,10,3,0,0
2021-04-20 19:54:22,330,107,14,0,0,0
2021-04-20 19:54:32,276,92,10,0,0,0
2021-04-20 19:54:42,165,55,3,0,0,0
2021-04-20 19:54:52,87,29,0,0,0,0
2021-04-20 19:55:02,111,37,3,0,0,0
2021-04-20 19:55:12,156,52,3,0,0,0
2021-04-20 19:55:22,117,33,7,7,7,3
2021-04-20 19:55:32,117,36,17,10,10,6
2021-04-20 19:55:42,69,23,10,3,3,3
2021-04-20 19:55:52,27,9,0,0,0,0
2021-04-20 19:56:02,60,20,3,0,0,0
2021-04-20 19:56:12,189,60,6,0,0,0
2021-04-20 19:56:22,39,10,0,0,0,0
2021-04-20 19:56:32,18,6,3,3,0,0
2021-04-20 19:56:42,48,13,0,0,0,0
2021-04-20 19:56:52,27,6,0,0,0,0
2021-04-20 19:57:02,69,20,0,0,0,0
2021-04-20 19:57:12,261,81,3,0,0,0
2021-04-20 19:57:22,165,52,3,0,0,0
2021-04-20 19:57:32,27,9,0,0,0,0
2021-04-20 19:57:42,57,16,0,0,0,0
2021-04-20 19:57:52,75,22,0,0,0,0
2021-04-20 19:58:02,9,3,0,0,0,0
2021-04-20 19:58:12,9,3,0,0,0,0
2021-04-20 19:58:22,45,12,0,0,0,0
2021-04-20 19:58:32,207,66,3,3,3,3
2021-04-20 19:58:42,132,37,3,3,3,3
2021-04-20 19:58:52,60,16,0,0,0,0
2021-04-20 19:59:02,57,19,6,0,0,0
2021-04-20 19:59:12,87,26,6,0,0,0
2021-04-20 19:59:22,111,34,0,0,0,0
2021-04-20 19:59:32,102,31,14,0,0,0
2021-04-20 19:59:42,126,42,14,0,0,0
2021-04-20 19:59:52,63,21,0,0,0,0
2021-04-20 20:00:02,72,24,0,0,0,0
2021-04-20 20:00:12,51,17,3,0,0,0
2021-04-20 20:00:22,72,24,3,0,0,0
2021-04-20 20:00:32,30,10,0,0,0,0
2021-04-20 20:00:42,60,17,3,0,0,0
2021-04-20 20:00:52,60,20,3,0,0,0
2021-04-20 20:01:02,48,16,3,3,3,0
2021-04-20 20:01:12,36,12,6,6,3,0
2021-04-20 20:01:22,27,9,6,6,3,3
2021-04-20 20:01:32,18,3,3,3,3,3
2021-04-20 20:01:42,39,10,0,0,0,0
2021-04-20 20:01:52,30,10,0,0,0,0
2021-04-20 20:02:02,21,7,0,0,0,0
2021-04-20 20:02:12,30,10,0,0,0,0
2021-04-20 20:02:22,39,9,3,3,3,0
2021-04-20 20:02:32,18,3,0,0,0,0
2021-04-20 20:02:42,9,3,0,0,0,0
2021-04-20 20:02:52,18,6,0,0,0,0
2021-04-20 20:03:02,9,3,0,0,0,0
2021-04-20 20:03:12,0,0,0,0,0,0
2021-04-20 20:03:22,9,3,0,0,0,0
2021-04-20 20:03:32,48,16,0,0,0,0
2021-04-20 20:03:42,30,10,0,0,0,0
2021-04-20 20:03:52,0,0,0,0,0,0
2021-04-20 20:04:02,9,0,0,0,0,0
2021-04-20 20:04:12,9,0,0,0,0,0
2021-04-20 20:04:22,30,10,3,0,0,0
2021-04-20 20:04:32,18,6,0,0,0,0
2021-04-20 20:04:42,165,51,10,0,0,0
2021-04-20 20:04:52,231,69,13,0,0,0
2021-04-20 20:05:02,447,134,27,13,13,6
2021-04-20 20:05:12,264,88,30,16,16,9
2021-04-20 20:05:22,102,34,9,3,3,3
2021-04-20 20:05:32,279,75,6,0,0,0
2021-04-20 20:05:42,597,192,34,0,0,0
2021-04-20 20:05:52,816,253,66,12,3,3
2021-04-20 20:06:02,378,126,39,13,0,0
2021-04-20 20:06:12,399,133,35,9,0,0
2021-04-20 20:06:22,339,110,22,6,6,3
2021-04-20 20:06:32,372,117,29,9,6,3
2021-04-20 20:06:42,240,69,16,3,0,0
2021-04-20 20:06:52,204,64,19,3,3,3
2021-04-20 20:07:02,174,58,22,6,3,3
2021-04-20 20:07:12,120,40,13,3,0,0
2021-04-20 20:07:22,162,51,10,0,0,0
2021-04-20 20:07:32,144,44,20,6,6,0
2021-04-20 20:07:42,153,51,16,3,3,0
2021-04-20 20:07:52,174,58,3,0,0,0
2021-04-20 20:08:02,195,65,3,0,0,0
2021-04-20 20:08:12,120,40,6,3,3,3
2021-04-20 20:08:22,348,116,20,9,6,6
2021-04-20 20:08:32,321,107,17,6,3,3
2021-04-20 20:08:42,534,178,13,0,0,0
2021-04-20 20:08:52,183,61,19,0,0,0
2021-04-20 20:09:02,96,29,19,9,3,0
2021-04-20 20:09:12,75,25,19,12,6,3
2021-04-20 20:09:22,48,16,6,3,3,3
2021-04-20 20:09:32,69,23,6,3,3,3
2021-04-20 20:09:42,30,10,3,3,3,3
2021-04-20 20:09:52,84,28,6,0,0,0
2021-04-20 20:10:02,90,30,6,0,0,0
2021-04-20 20:10:12,60,20,0,0,0,0
2021-04-20 20:10:22,93,31,10,7,7,3
2021-04-20 20:10:32,30,10,10,7,7,3
2021-04-20 20:10:42,81,27,3,0,0,0
2021-04-20 20:10:52,9,3,0,0,0,0
2021-04-20 20:11:02,18,6,0,0,0,0
2021-04-20 20:11:12,48,12,3,0,0,0
2021-04-20 20:11:22,69,19,0,0,0,0
2021-04-20 20:11:32,48,16,3,0,0,0
2021-04-20 20:11:42,9,3,3,0,0,0
2021-04-20 20:11:52,9,3,0,0,0,0
2021-04-20 20:12:02,9,3,0,0,0,0
2021-04-20 20:12:12,21,7,0,0,0,0
2021-04-20 20:12:22,42,14,0,0,0,0
2021-04-20 20:12:32,21,7,0,0,0,0
2021-04-20 20:12:42,0,0,0,0,0,0
2021-04-20 20:12:52,0,0,0,0,0,0
2021-04-20 20:13:02,0,0,0,0,0,0
2021-04-20 20:13:12,9,3,0,0,0,0
2021-04-20 20:13:22,0,0,0,0,0,0
2021-04-20 20:13:32,9,3,3,3,3,0
2021-04-20 20:13:42,9,0,0,0,0,0
2021-04-20 20:13:52,30,3,0,0,0,0
2021-04-20 20:14:02,21,3,0,0,0,0
2021-04-20 20:14:12,9,3,0,0,0,0
2021-04-20 20:14:22,18,6,0,0,0,0
2021-04-20 20:14:32,0,0,0,0,0,0
2021-04-20 20:14:42,30,10,0,0,0,0
2021-04-20 20:14:52,54,18,3,3,3,3
2021-04-20 20:15:02,222,74,6,3,3,3
2021-04-20 20:15:12,219,73,7,3,3,0
2021-04-20 20:15:22,183,61,10,3,3,0
2021-04-20 20:15:32,111,37,0,0,0,0
2021-04-20 20:15:42,174,58,10,3,3,3
2021-04-20 20:15:52,345,115,19,6,6,6
2021-04-20 20:16:02,474,151,26,6,6,6
2021-04-20 20:16:12,420,133,30,0,0,0
2021-04-20 20:16:22,333,111,23,0,0,0
2021-04-20 20:16:32,267,86,10,0,0,0
2021-04-20 20:16:42,387,129,10,6,6,6
2021-04-20 20:16:52,354,115,16,6,6,3
2021-04-20 20:17:02,423,135,12,0,0,0
2021-04-20 20:17:12,324,108,9,0,0,0
2021-04-20 20:17:22,150,50,6,0,0,0
2021-04-20 20:17:32,294,94,20,6,6,3
2021-04-20 20:17:42,303,97,17,6,6,3
2021-04-20 20:17:52,303,94,20,6,6,3
2021-04-20 20:18:02,390,119,27,3,3,3
2021-04-20 20:18:12,156,48,10,0,0,0
2021-04-20 20:18:22,177,56,6,0,0,0
2021-04-20 20:18:32,108,33,3,0,0,0
2021-04-20 20:18:42,87,29,6,6,6,3
2021-04-20 20:18:52,90,27,3,3,3,0
2021-04-20 20:19:02,186,52,10,3,3,3
2021-04-20 20:19:12,231,66,16,6,6,3
2021-04-20 20:19:22,81,27,12,3,3,3
2021-04-20 20:19:32,27,9,6,6,6,6
2021-04-20 20:19:42,111,37,9,9,9,9
2021-04-20 20:19:52,27,9,6,6,6,3
2021-04-20 20:20:02,18,6,3,0,0,0
2021-04-20 20:20:12,0,0,0,0,0,0
2021-04-20 20:20:22,30,10,6,0,0,0
2021-04-20 20:20:32,147,49,12,0,0,0
2021-04-20 20:20:42,126,42,6,0,0,0
2021-04-20 20:20:52,0,0,0,0,0,0
2021-04-20 20:21:02,21,7,0,0,0,0
2021-04-20 20:21:12,84,24,0,0,0,0
2021-04-20 20:21:22,93,27,6,0,0,0
2021-04-20 20:21:32,114,38,6,0,0,0
2021-04-20 20:21:42,51,17,3,3,3,0
2021-04-20 20:21:52,9,3,0,0,0,0
2021-04-20 20:22:02,30,10,0,0,0,0
2021-04-20 20:22:12,39,13,3,3,3,3
2021-04-20 20:22:22,57,19,6,3,3,3
2021-04-20 20:22:32,18,6,3,0,0,0
2021-04-20 20:22:42,9,3,0,0,0,0
2021-04-20 20:22:52,9,3,0,0,0,0
2021-04-20 20:23:02,21,7,0,0,0,0
2021-04-20 20:23:12,21,7,0,0,0,0
2021-04-20 20:23:22,0,0,0,0,0,0
2021-04-20 20:23:32,0,0,0,0,0,0
2021-04-20 20:23:42,0,0,0,0,0,0
2021-04-20 20:23:52,21,7,0,0,0,0
2021-04-20 20:24:02,21,7,0,0,0,0
2021-04-20 20:24:12,0,0,0,0,0,0
2021-04-20 20:24:22,75,25,0,0,0,0
2021-04-20 20:24:32,75,25,0,0,0,0
2021-04-20 20:24:42,0,0,0,0,0,0
2021-04-20 20:24:52,21,7,0,0,0,0
2021-04-20 20:25:02,81,27,0,0,0,0
2021-04-20 20:25:12,60,20,0,0,0,0
2021-04-20 20:25:22,60,20,0,0,0,0
2021-04-20 20:25:32,198,66,10,10,7,0
2021-04-20 20:25:42,264,88,16,10,7,0
2021-04-20 20:25:52,453,147,19,3,3,3
2021-04-20 20:26:02,390,127,12,3,3,3
2021-04-20 20:26:12,411,137,26,6,3,0
2021-04-20 20:26:22,225,75,23,9,6,0
2021-04-20 20:26:32,453,151,40,3,0,0
2021-04-20 20:26:42,300,93,13,3,3,3
2021-04-20 20:26:52,519,159,22,9,9,6
2021-04-20 20:27:02,651,202,26,9,9,3
2021-04-20 20:27:12,333,104,10,3,3,0
2021-04-20 20:27:22,312,104,17,6,6,6
2021-04-20 20:27:32,468,149,33,15,15,9
2021-04-20 20:27:42,357,109,13,6,6,3
2021-04-20 20:27:52,402,127,19,3,0,0
2021-04-20 20:28:02,264,84,12,6,3,3
2021-04-20 20:28:12,435,142,12,6,6,6
2021-04-20 20:28:22,417,136,12,6,6,3
2021-04-20 20:28:32,102,34,6,0,0,0
2021-04-20 20:28:42,120,40,3,0,0,0
2021-04-20 20:28:52,78,26,3,0,0,0
2021-04-20 20:29:02,93,31,10,0,0,0
2021-04-20 20:29:12,159,53,6,3,3,0
2021-04-20 20:29:22,183,61,10,6,6,3
2021-04-20 20:29:32,111,37,10,3,3,3
2021-04-20 20:29:42,168,52,0,0,0,0
2021-04-20 20:29:52,150,42,0,0,0,0
2021-04-20 20:30:02,120,33,6,0,0,0
2021-04-20 20:30:12,129,40,10,0,0,0
2021-04-20 20:30:22,60,20,10,0,0,0
2021-04-20 20:30:32,30,10,3,0,0,0
2021-04-20 20:30:42,30,6,0,0,0,0
2021-04-20 20:30:52,30,10,0,0,0,0
2021-04-20 20:31:02,9,3,3,3,3,3
2021-04-20 20:31:12,9,3,0,0,0,0
2021-04-20 20:31:22,9,3,0,0,0,0
2021-04-20 20:31:32,18,6,0,0,0,0
2021-04-20 20:31:42,18,6,0,0,0,0
2021-04-20 20:31:52,9,3,0,0,0,0
2021-04-20 20:32:02,18,6,0,0,0,0
2021-04-20 20:32:12,78,26,0,0,0,0
2021-04-20 20:32:22,51,17,0,0,0,0
2021-04-20 20:32:32,63,21,0,0,0,0
2021-04-20 20:32:42,51,10,0,0,0,0
2021-04-20 20:32:52,39,13,0,0,0,0
2021-04-20 20:33:02,39,13,3,3,3,0
2021-04-20 20:33:12,39,13,3,3,3,0
2021-04-20 20:33:22,18,6,0,0,0,0
2021-04-20 20:33:32,18,6,0,0,0,0
2021-04-20 20:33:42,0,0,0,0,0,0
2021-04-20 20:33:52,0,0,0,0,0,0
2021-04-20 20:34:02,0,0,0,0,0,0
2021-04-20 20:34:12,0,0,0,0,0,0
2021-04-20 20:34:22,18,6,3,3,3,3
2021-04-20 20:34:32,39,13,6,3,3,3
2021-04-20 20:34:42,426,138,19,3,3,0
2021-04-20 20:34:52,453,139,13,0,0,0
2021-04-20 20:35:02,156,44,3,3,0,0
2021-04-20 20:35:12,249,75,27,3,0,0
2021-04-20 20:35:22,198,66,17,3,3,3
2021-04-20 20:35:32,315,97,12,3,3,3
2021-04-20 20:35:42,345,111,30,0,0,0
2021-04-20 20:35:52,324,108,24,3,0,0
2021-04-20 20:36:02,303,101,9,3,0,0
2021-04-20 20:36:12,270,90,6,3,3,3
2021-04-20 20:36:22,171,54,9,6,3,3
2021-04-20 20:36:32,360,116,19,6,6,0
2021-04-20 20:36:42,240,80,25,3,3,0
2021-04-20 20:36:52,177,59,13,0,0,0
2021-04-20 20:37:02,315,105,16,0,0,0
2021-04-20 20:37:12,339,113,16,3,3,3
2021-04-20 20:37:22,243,81,17,6,3,3
2021-04-20 20:37:32,240,80,30,9,6,3
2021-04-20 20:37:42,246,82,20,9,9,0
2021-04-20 20:37:52,216,72,20,9,6,0
2021-04-20 20:38:02,336,109,16,9,6,0
2021-04-20 20:38:12,291,94,13,3,3,0
2021-04-20 20:38:22,183,61,13,0,0,0
2021-04-20 20:38:32,168,49,0,0,0,0
2021-04-20 20:38:42,168,49,6,6,3,0
2021-04-20 20:38:52,114,38,6,3,0,0
2021-04-20 20:39:02,39,13,6,3,3,3
2021-04-20 20:39:12,51,17,3,3,3,0
2021-04-20 20:39:22,102,34,3,3,3,0
2021-04-20 20:39:32,48,16,3,3,3,0
2021-04-20 20:39:42,48,16,3,3,3,0
2021-04-20 20:39:52,21,7,0,0,0,0
2021-04-20 20:40:02,21,7,3,3,0,0
2021-04-20 20:40:12,27,9,6,3,3,3
2021-04-20 20:40:22,48,16,6,6,6,3
2021-04-20 20:40:32,51,13,0,0,0,0
2021-04-20 20:40:42,42,10,0,0,0,0
2021-04-20 20:40:52,0,0,0,0,0,0
2021-04-20 20:41:02,21,7,0,0,0,0
2021-04-20 20:41:12,21,7,0,0,0,0
2021-04-20 20:41:22,0,0,0,0,0,0
2021-04-20 20:41:32,174,58,0,0,0,0
2021-04-20 20:41:42,174,58,0,0,0,0
2021-04-20 20:41:52,9,3,0,0,0,0
2021-04-20 20:42:02,0,0,0,0,0,0
2021-04-20 20:42:12,9,3,3,3,3,0
2021-04-20 20:42:22,60,20,3,3,3,0
2021-04-20 20:42:32,51,17,0,0,0,0
2021-04-20 20:42:42,30,10,7,7,7,0
2021-04-20 20:42:52,42,14,7,7,7,0
2021-04-20 20:43:02,21,7,0,0,0,0
2021-04-20 20:43:12,0,0,0,0,0,0
2021-04-20 20:43:22,0,0,0,0,0,0
2021-04-20 20:43:32,21,7,3,0,0,0
2021-04-20 20:43:42,30,10,3,0,0,0
2021-04-20 20:43:52,9,3,0,0,0,0
2021-04-20 20:44:02,0,0,0,0,0,0
2021-04-20 20:44:12,0,0,0,0,0,0
2021-04-20 20:44:22,30,10,6,6,3,0
2021-04-20 20:44:32,30,10,6,6,3,0
2021-04-20 20:44:42,0,0,0,0,0,0
2021-04-20 20:44:52,129,43,0,0,0,0
2021-04-20 20:45:02,0,0,0,0,0,0
2021-04-20 20:45:12,0,0,0,0,0,0
2021-04-20 20:45:22,0,0,0,0,0,0
2021-04-20 20:45:32,0,0,0,0,0,0
2021-04-20 20:45:42,150,46,0,0,0,0
2021-04-20 20:45:52,9,3,0,0,0,0
2021-04-20 20:46:02,9,3,0,0,0,0
2021-04-20 20:46:12,9,3,0,0,0,0
2021-04-20 20:46:22,9,3,0,0,0,0
2021-04-20 20:46:32,9,3,0,0,0,0
2021-04-20 20:46:42,9,3,3,3,3,3
2021-04-20 20:46:52,0,0,0,0,0,0
2021-04-20 20:47:02,0,0,0,0,0,0
2021-04-20 20:47:12,0,0,0,0,0,0
2021-04-20 20:47:22,0,0,0,0,0,0
2021-04-20 20:47:32,9,3,0,0,0,0
2021-04-20 20:47:42,0,0,0,0,0,0
2021-04-20 20:47:52,21,7,0,0,0,0
2021-04-20 20:48:02,78,26,0,0,0,0
2021-04-20 20:48:12,27,9,0,0,0,0
2021-04-20 20:48:22,0,0,0,0,0,0
2021-04-20 20:48:32,0,0,0,0,0,0
2021-04-20 20:48:42,0,0,0,0,0,0
2021-04-20 20:48:52,0,0,0,0,0,0
2021-04-20 20:49:02,0,0,0,0,0,0
2021-04-20 20:49:12,9,3,0,0,0,0
